{"cameraMode":{"drawMode":0,"name":"Shaded","section":"Shading Mode"},"sceneLighting":true,"audioPlay":false,"sceneViewState":{"m_AlwaysRefresh":false,"showFog":true,"showSkybox":true,"showFlares":true,"showImageEffects":true,"showParticleSystems":true,"showVisualEffectGraphs":true,"m_FxEnabled":true},"in2DMode":false,"pivot":{"x":2.1674458980560304,"y":-1.3090934753417969,"z":1.4523706436157227},"rotation":{"x":-0.5359207987785339,"y":0.19516947865486146,"z":-0.12893569469451905,"w":-0.8112314343452454},"size":11.102346420288086,"orthographic":false}